{
  "node_coordinates": [
    [
      0.0,
      0.0,
      0.0
    ],
    [
      1.0,
      0.0,
      0.0
    ],
    [
      2.0,
      0.0,
      0.0
    ],
    [
      0.0,
      1.0,
      0.0
    ],
    [
      1.0,
      1.0,
      0.0
    ],
    [
      2.0,
      1.0,
      0.0
    ],
    [
      0.0,
      2.0,
      0.0
    ],
    [
      1.0,
      2.0,
      0.0
    ],
    [
      2.0,
      2.0,
      0.0
    ]
  ],
  "design_edges": [
    [
      0,
      1
    ],
    [
      1,
      2
    ],
    [
      3,
      4
    ],
    [
      4,
      5
    ],
    [
      6,
      7
    ],
    [
      7,
      8
    ],
    [
      0,
      3
    ],
    [
      1,
      4
    ],
    [
      2,
      5
    ],
    [
      3,
      6
    ],
    [
      4,
      7
    ],
    [
      5,
      8
    ],
    [
      0,
      4
    ],
    [
      1,
      3
    ],
    [
      1,
      5
    ],
    [
      2,
      4
    ],
    [
      3,
      7
    ],
    [
      4,
      6
    ],
    [
      4,
      8
    ],
    [
      5,
      7
    ]
  ],
  "fixed_nodes": [
    0,
    3,
    6
  ],
  "force_node_indices": [
    2
  ],
  "force_list": [
    [
      -9.184850993605148e-17,
      -0.5,
      0.0
    ]
  ],
  "volume_fraction": 0.5,
  "optimal_design_edge_dict": {
    "(0, 1)": 1,
    "(1, 2)": 1,
    "(3, 4)": 0,
    "(4, 5)": 1,
    "(6, 7)": 1,
    "(7, 8)": 0,
    "(0, 3)": 0,
    "(1, 4)": 0,
    "(2, 5)": 1,
    "(3, 6)": 0,
    "(4, 7)": 1,
    "(5, 8)": 0,
    "(0, 4)": 1,
    "(1, 3)": 0,
    "(1, 5)": 0,
    "(2, 4)": 1,
    "(3, 7)": 0,
    "(4, 6)": 1,
    "(4, 8)": 0,
    "(5, 7)": 1
  },
  "optimized_binary_design": [
    1,
    1,
    0,
    1,
    1,
    0,
    0,
    0,
    1,
    0,
    1,
    0,
    1,
    0,
    0,
    1,
    0,
    1,
    0,
    1
  ],
  "optimal_compliance": 0.002718523407248565,
  "compliance_status": "valid",
  "force_amplitude": 0.5,
  "curriculum_level": 6,
  "path_id": 14,
  "curriculum_edges": [
    [
      0,
      1
    ],
    [
      2,
      4
    ],
    [
      1,
      2
    ],
    [
      0,
      4
    ],
    [
      3,
      4
    ],
    [
      5,
      8
    ],
    [
      4,
      6
    ],
    [
      0,
      3
    ],
    [
      5,
      7
    ],
    [
      6,
      7
    ],
    [
      4,
      5
    ],
    [
      3,
      6
    ],
    [
      2,
      5
    ],
    [
      1,
      3
    ],
    [
      4,
      7
    ],
    [
      7,
      8
    ]
  ],
  "curriculum_design_variables": [
    1,
    1,
    1,
    1,
    1,
    1,
    1,
    0,
    1,
    1,
    1,
    1,
    1,
    1,
    0,
    1,
    0,
    1,
    0,
    1
  ],
  "n_active_edges": 16,
  "direction_index": 6,
  "timestamp": 1753336512161,
  "is_complete": false
}